CUSTOMER_KEY,CLV,TOTAL_ORDERS
5.0000000000,42560.66,22
3.0000000000,37505.84,21
2.0000000000,35316.10,21
4.0000000000,27820.17,14
1.0000000000,13974.56,14
